{"3zv6_NAD_frag1": {"Path": ["0"], "Categories": [], "Properties": [], "Coordinates": [0.01769336740690839, 0.05700108205216525, 0.023752260415687194]}, "3q6i_NAD_frag1": {"Path": ["0"], "Categories": [], "Properties": [], "Coordinates": [0.006937727805769671, -0.010798353366947532, 0.027883655307925963]}, "3dwf_NAP_frag1": {"Path": ["0"], "Categories": [], "Properties": [], "Coordinates": [0.024358335965314372, 0.023530255840103015, 0.018377040605307825]}, "3glq_NAD_frag1": {"Path": ["0"], "Categories": [], "Properties": [], "Coordinates": [0.026299945266834514, -0.017334302463174023, 0.012433462669479922]}, "4mog_FDA_frag1": {"Path": ["0"], "Categories": [], "Properties": [], "Coordinates": [0.01512777159495874, -0.012799581804120186, 0.01608105088108069]}, "5d2e_NAP_frag1": {"Path": ["0"], "Categories": [], "Properties": [], "Coordinates": [0.012727384174261764, 0.012462622187922757, 0.01858819826185162]}, "3kvo_NAP_frag1": {"Path": ["0"], "Categories": [], "Properties": [], "Coordinates": [0.013440847482720626, -0.012949702561712203, 0.016565425981815794]}, "3zv5_NAD_frag1": {"Path": ["0"], "Categories": [], "Properties": [], "Coordinates": [0.020322437027505663, 0.042806539081686086, 0.007333354394844154]}, "2irw_NAP_frag1": {"Path": ["0"], "Categories": [], "Properties": [], "Coordinates": [0.00760271802261031, -0.00983523599081301, 0.027230299765670245]}, "1xkq_NDP_frag1": {"Path": ["0"], "Categories": [], "Properties": [], "Coordinates": [0.01709481934256694, 0.00378265969057885, 0.009218129801824407]}, "3ojf_NDP_frag1": {"Path": ["0"], "Categories": [], "Properties": [], "Coordinates": [0.013510163684856039, 0.026688335772369398, 0.013296495401568353]}, "3aut_NAI_frag1": {"Path": ["0"], "Categories": [], "Properties": [], "Coordinates": [0.007787593577916552, 0.0005940214614176126, 0.020621653650169432]}, "2ag5_NAD_frag1": {"Path": ["0"], "Categories": [], "Properties": [], "Coordinates": [0.007903654173006008, 0.027849871204831286, 0.02388214199268237]}, "4rgb_NAD_frag1": {"Path": ["0"], "Categories": [], "Properties": [], "Coordinates": [0.014328794403160316, 0.038760026226959635, 0.022567051650016517]}, "2w3b_NDP_frag1": {"Path": ["0"], "Categories": [], "Properties": [], "Coordinates": [0.020742542482967384, -0.007820643336601762, 0.02757282820867906]}, "3d3e_NAP_frag1": {"Path": ["0"], "Categories": [], "Properties": [], "Coordinates": [0.02350029191375326, 0.020471116221990156, 0.024883230870351502]}, "3oif_NAD_frag1": {"Path": ["0"], "Categories": [], "Properties": [], "Coordinates": [0.016554734803423395, 0.04916856957203068, 0.020478744271339874]}, "4kfj_NDP_frag1": {"Path": ["0"], "Categories": [], "Properties": [], "Coordinates": [0.025490851258251724, -0.0036965244327163095, 0.0213581442053817]}, "4moh_FDA_frag1": {"Path": ["0"], "Categories": [], "Properties": [], "Coordinates": [0.024793266953685746, -0.010060521916402809, 0.018636224501832912]}, "3bxx_NAP_frag1": {"Path": ["0"], "Categories": [], "Properties": [], "Coordinates": [0.007568595340678003, -0.020094498789768926, 0.0163258279940745]}, "2o23_NAD_frag1": {"Path": ["0"], "Categories": [], "Properties": [], "Coordinates": [0.009495039661148029, -0.008628396119699702, 0.019754759808312736]}, "2oip_NDP_frag1": {"Path": ["0"], "Categories": [], "Properties": [], "Coordinates": [0.02057362453965025, -0.00467037207215626, 0.013734039583139448]}, "3nxo_NDP_frag1": {"Path": ["0"], "Categories": [], "Properties": [], "Coordinates": [0.01709626132958245, 0.017995202919181066, 0.00758176702970363]}, "1wnt_NAP_frag1": {"Path": ["0"], "Categories": [], "Properties": [], "Coordinates": [0.007764599036344032, 0.40560749069855134, -0.010152828164105097]}}